name	pool	seq	size	%gc	tm (use 65)
zaire-350_1_LEFT	1	CGGACACACAAAAAGAAAGAAGAATT	26	34.62	59.68
zaire-350_1_RIGHT	1	ACCAAGGTTAATTCTCAATCTTGCTTG	27	37.04	61.02
zaire-350_2_LEFT	2	TCTGCAGGGTGATCCAACAAC	21	52.38	60.65
zaire-350_2_RIGHT	2	GTTGGCAAATTTCTTCAAGATTGTTTACT	29	31.03	60.82
zaire-350_3_LEFT	1	AGCAGGTCTGTCCGTTCAACA	21	52.38	62.02
zaire-350_3_RIGHT	1	AGTTGTCTCCTCTTCCGGCAT	21	52.38	61.28
zaire-350_4_LEFT	2	GAAGCGCCTTGAGGAATTGCT	21	52.38	61.66
zaire-350_4_RIGHT	2	ATCACAGCATCGTTGGCATCAT	22	45.45	61.19
zaire-350_5_LEFT	1	GTTTGATGCGAACAAATTTTCTGATCA	27	33.33	60.58
zaire-350_5_RIGHT	1	GCAATTGCCGATAGTTGAGGGA	22	50.00	61.19
zaire-350_6_LEFT	2	CTCCTTTCGCCCGACTTTTGAA	22	50.00	61.56
zaire-350_6_RIGHT	2	GCAGCAGTGATAGCTTCTGTCA	22	50.00	60.86
zaire-350_7_LEFT	1	AGAACGAAATCAGCTTCCAGCA	22	45.45	60.73
zaire-350_7_RIGHT	1	GGTCGATCTATTAGGCACTGGC	22	54.55	60.79
zaire-350_8_LEFT	2	AATGCACCAGATGACTTGGTCC	22	50.00	61.06
zaire-350_8_RIGHT	2	TCCCTGTCCTGCTCTTCATCAT	22	50.00	61.08
zaire-350_9_LEFT	1	TTAACGAAGAGGCAGACCCACT	22	50.00	61.53
zaire-350_9_RIGHT	1	GTGTACTCTTTGCCATCACTGGT	23	47.83	61.06
zaire-350_10_LEFT	2	AGATCACAGGGGCCATTTGATG	22	50.00	60.87
zaire-350_10_RIGHT	2	TGTGATAATAATTCACACCTTAGACATCA	29	31.03	59.66
zaire-350_11_LEFT	1	ACAATGGGATGATTCAACCGACA	23	43.48	60.82
zaire-350_11_RIGHT	1	ATTGACGTAAGGATGATGAAGGTTTT	26	34.62	59.78
zaire-350_12_LEFT	2	TTACCTACTAGCCTGCCCAACA	22	50.00	61.01
zaire-350_12_RIGHT	2	TTCGGGTTTGGCTTCGTTTGTT	22	45.45	61.96
zaire-350_13_LEFT	1	AGAATTCCTGTAAGCGACATCTTCT	25	40.00	60.49
zaire-350_13_RIGHT	1	GACCGGTTGTCATCACCAGAAG	22	54.55	61.37
zaire-350_14_LEFT	2	TGGCAAAAACAATCTCCTCATTGA	24	37.50	59.73
zaire-350_14_RIGHT	2	AAAGCAGTTCCAAAACCAGGCA	22	45.45	61.66
zaire-350_15_LEFT	1	ACTTCACTAACTGAGGAAAATTTTGGG	27	37.04	60.70
zaire-350_15_RIGHT	1	CCCAACCTCGATCAATCTTGGG	22	54.55	61.19
zaire-350_16_LEFT	2	TCATCCACATCCGCTCTCGA	20	55.00	60.77
zaire-350_16_RIGHT	2	ATTGATTATAATACTGTCAGAGATATAGCTCC	32	31.25	59.79
zaire-350_17_LEFT	1	GTCAATTAAACGACCAAGATAAAATTGTTC	30	30.00	59.77
zaire-350_17_RIGHT	1	GATGGAGTGTCCCCATTGACTG	22	54.55	60.86
zaire-350_18_LEFT	2	ACCCTGTCAGGTCAAATTCAACA	23	43.48	60.63
zaire-350_18_RIGHT	2	CAGCCGATTGACTCTGACAAGT	22	50.00	60.79
zaire-350_19_LEFT	1	CCGCCATCATGCTTGCTTCATA	22	50.00	61.83
zaire-350_19_RIGHT	1	ACTGTTCCCCTTCTTCCCACTT	22	50.00	61.43
zaire-350_20_LEFT	2	CGTTGCGTCCAGGAATTTCATT	22	45.45	60.27
zaire-350_20_RIGHT	2	GACTTGCAGGAGAATGACACGT	22	50.00	61.05
zaire-350_21_LEFT	1	AAACTCTGGTCCACAAGCTGAC	22	50.00	60.93
zaire-350_21_RIGHT	1	TGAGTCTTTTGTTAAGTTCTACATTTAGGA	30	30.00	60.00
zaire-350_22_LEFT	2	GTCCATTAGAGGAGACACTTTTAATTGA	28	35.71	59.98
zaire-350_22_RIGHT	2	TTTCTTAATTAGAAGGGCAATGTCTGT	27	33.33	59.83
zaire-350_23_LEFT	1	GTGTGACTTGGATTGGAAATGTGG	24	45.83	60.88
zaire-350_23_RIGHT	1	GGATGACTCCAAGTGGGATGGA	22	54.55	61.68
zaire-350_24_LEFT	2	TGCAGTTACCTCGTGATCGATT	22	45.45	60.01
zaire-350_24_RIGHT	2	TAGACACTCACTCCCGTCAGGT	22	54.55	62.40
zaire-350_25_LEFT	1	AGGTGGTCAATTATGAAGCTGGT	23	43.48	60.25
zaire-350_25_RIGHT	1	ATAGTAGCCACTAGACGGGTCC	22	54.55	60.67
zaire-350_26_LEFT	2	TACTGCCCCAAGCTAAGAAGGA	22	50.00	61.02
zaire-350_26_RIGHT	2	TCACTGCGAATTTTTCTAGTGAGGT	25	40.00	61.12
zaire-350_27_LEFT	1	GGAAGGTCAACCCCGAAATTGA	22	50.00	61.00
zaire-350_27_RIGHT	1	CGGGTGTATTATGGGTGCTGTT	22	50.00	60.86
zaire-350_28_LEFT	2	AACAACCCTTGCCACAATCTCC	22	50.00	61.53
zaire-350_28_RIGHT	2	AATTAAGCCTAGCTTCCCGCTG	22	50.00	60.93
zaire-350_29_LEFT	1	ACAACAAGTCCCCAAAACCACA	22	45.45	61.01
zaire-350_29_RIGHT	1	AAGAGCTTGAGTCGTCTCGTTG	22	50.00	60.78
zaire-350_30_LEFT	2	ACATAGAGGGGCTAATGCACAA	22	45.45	59.68
zaire-350_30_RIGHT	2	CCTGTAACTCCAATACCTGCCG	22	54.55	60.92
zaire-350_31_LEFT	1	GATAAAACCCTTCCGGACCAGG	22	54.55	60.87
zaire-350_31_RIGHT	1	CATCAAGTTTATCATTCTCAAAGAGATAACTAG	33	30.30	60.10
zaire-350_32_LEFT	2	CACTGGAGCTTTAAACATAGCCAA	24	41.67	59.86
zaire-350_32_RIGHT	2	TGGGCGTCCTCTCTCATATGAA	22	50.00	60.87
zaire-350_33_LEFT	1	ACATAAAGCATTGGTCAAAAAGTCAATAG	29	31.03	60.27
zaire-350_33_RIGHT	1	TCCCTATCAGTTAAACTCTCCAACTG	26	42.31	60.51
zaire-350_34_LEFT	2	CCTAAAGACATATGTCCGACCTTGA	25	44.00	60.55
zaire-350_34_RIGHT	2	AAGACTCAGCTGGGATTTTGAGA	23	43.48	59.93
zaire-350_35_LEFT	1	AACCATAGAGGATTCAAAATTAAGAGCA	28	32.14	59.98
zaire-350_35_RIGHT	1	GGGTTGGTTGAAGCTTCCTCAT	22	50.00	61.00
zaire-350_36_LEFT	2	ACCGTGTGAAAGTTCTGCTGTC	22	50.00	61.49
zaire-350_36_RIGHT	2	GCTTGGCAGGTTATATTACGAGC	23	47.83	60.06
zaire-350_37_LEFT	1	TGCCCTAATATATGAAGAGGTATGATACA	29	34.48	60.07
zaire-350_37_RIGHT	1	GCATTTCCGGTCACAATCTACC	22	50.00	59.82
zaire-350_38_LEFT	2	GGAGGAGGTGTTTGGTATTGGC	22	54.55	61.39
zaire-350_38_RIGHT	2	GCACTAAATTTTAAACGGCTAAGTTCA	27	33.33	59.89
zaire-350_39_LEFT	1	AGTGTCTCTAAGCTAAATTGGTCTGT	26	38.46	60.46
zaire-350_39_RIGHT	1	AACCCCTTTCTCCAGGTCCTTT	22	50.00	61.43
zaire-350_40_LEFT	2	GACACCAAGCAAGACCTGAGAA	22	50.00	60.67
zaire-350_40_RIGHT	2	TGGTCAATCAGCTGGTCCTGTA	22	50.00	61.28
zaire-350_41_LEFT	1	CCGAATTCCACAATTGAATCACCG	24	45.83	61.28
zaire-350_41_RIGHT	1	GCTCCACCAGAAAACCCATGTT	22	50.00	61.53
zaire-350_42_LEFT	2	TGGATGCTCTACATGTCGTGAAC	23	47.83	60.93
zaire-350_42_RIGHT	2	TGATTATGAAAGCAGAGATGTCAAGAT	27	33.33	59.50
zaire-350_43_LEFT	1	TCTCTTGCTATCTAACTAAGGTAGAATACT	30	33.33	59.80
zaire-350_43_RIGHT	1	ATATAGAATCTGTGAAACCTAACACATGT	29	31.03	59.66
zaire-350_44_LEFT	2	TGAATAAGCATTTTATCACCAGAAATCCT	29	31.03	60.52
zaire-350_44_RIGHT	2	TACAGTTGCGTAGTTGCGGATT	22	45.45	60.79
zaire-350_45_LEFT	1	ATTGGACCAATGTGACCTAGTCA	23	43.48	59.67
zaire-350_45_RIGHT	1	AGATTTTCTCTTGAAAGTGTTCATCAACA	29	31.03	60.97
zaire-350_46_LEFT	2	ACACAATGCAAGATGCTCTCTTCT	24	41.67	61.13
zaire-350_46_RIGHT	2	TATGCCCTTGAACCGCTTCTTT	22	45.45	60.74
zaire-350_47_LEFT	1	GAACACACAAGGAATCCCCCAT	22	50.00	60.74
zaire-350_47_RIGHT	1	GGCCCTTCCTCTCAGTGTACTT	22	54.55	61.60
zaire-350_48_LEFT	2	GGGTCTGATGGGTATAAAATTATTAAGTTCC	31	35.48	61.18
zaire-350_48_RIGHT	2	TCTCGAAAATCACTATAGGGCGTAA	25	40.00	60.08
zaire-350_49_LEFT	1	CTGTGCTACATAGTGAAACAGCAA	24	41.67	59.86
zaire-350_49_RIGHT	1	GCATCCCAGCATGTCCTTTCTA	22	50.00	60.60
zaire-350_50_LEFT	2	ACCCTCCACTTTTCTCAACCAA	22	45.45	59.94
zaire-350_50_RIGHT	2	AGCAAGACCATCAGCTAACAGAG	23	47.83	60.62
zaire-350_51_LEFT	1	GGTAGAACCTTCGGAAAATTGCC	23	47.83	60.37
zaire-350_51_RIGHT	1	TGACATGCATATAACACTGTGGGAT	25	40.00	60.78
zaire-350_52_LEFT	2	CAGCACCTTTTATAGAATATTGCAACC	27	37.04	59.84
zaire-350_52_RIGHT	2	CTCGTCTGCGTCAGTCTCTAAG	22	54.55	60.40
zaire-350_53_LEFT	1	AAGTTACGCTCAGCTGTGATGG	22	50.00	61.11
zaire-350_53_RIGHT	1	TGTCTCAGAGATGGATCGCTCA	22	50.00	60.87
zaire-350_54_LEFT	2	TGGCACCATTGTCTGATGCAAT	22	45.45	61.33
zaire-350_54_RIGHT	2	TCATTCGGAGATAAGTTTTTAACTGGAA	28	32.14	59.93
zaire-350_55_LEFT	1	GGGTTATCCTTCTTGAATCCTGAGA	25	44.00	60.26
zaire-350_55_RIGHT	1	GCCGCAAAACGACTCATAACAG	22	50.00	60.90
zaire-350_56_LEFT	2	TTTCATGCGTCAGCTGACTTCG	22	50.00	61.92
zaire-350_56_RIGHT	2	TGAGCCCATGAATATTCCCTCAG	23	47.83	60.18
zaire-350_57_LEFT	1	TCTTGATCATTGTGATAATATCCTGGC	27	37.04	59.88
zaire-350_57_RIGHT	1	GCAGGTTGTCCTATCTTATCTTCTGT	26	42.31	60.85
zaire-350_58_LEFT	2	GAACGCATCCCGAATAAGCTGG	22	54.55	62.12
zaire-350_58_RIGHT	2	AAACAATCAATCGCGTTGCTGA	22	40.91	60.21
zaire-350_59_LEFT	1	TCACAGGTACAACGATCAATACAGT	25	40.00	60.43
zaire-350_59_RIGHT	1	AGAGGATTACTGTCATAAATCAATTCGT	28	32.14	59.61
zaire-350_60_LEFT	2	GGGAAGTACCAGCTCAGTATTTAACA	26	42.31	61.02
zaire-350_60_RIGHT	2	ACAAAGGCCCCAAAACTGTACA	22	45.45	60.81
zaire-350_61_LEFT	1	ACCCAATTAGCAGTGGAGAAACA	23	43.48	60.44
zaire-350_61_RIGHT	1	ACAAATGTAAGAAAAGATGAAATGGACG	28	32.14	59.98
zaire-350_62_LEFT	2	TATTTACATAGGCGGTGCTGCA	22	45.45	60.34
zaire-350_62_RIGHT	2	GTTTCTGTGTCTGCTCCTCCAG	22	54.55	61.05
zaire-350_63_LEFT	1	TCCTCACGACAATCTTGTTTACACA	25	40.00	61.06
zaire-350_63_RIGHT	1	TCACATTGTGTCTCGATCGATCG	23	47.83	61.04
zaire-350_64_LEFT	2	TCCGTCGTTCCAGTCCTTTCTA	22	50.00	61.00
zaire-350_64_RIGHT	2	GTCACAGCCGACTTGAAACTCT	22	50.00	60.98
zaire-350_65_LEFT	1	ACCGGTATAGTCTCGTCCATGC	22	54.55	61.83
zaire-350_65_RIGHT	1	GCTTAGGTAGCCTTGCTCTTTGG	23	52.17	61.74
zaire-350_66_LEFT	2	TTCTTAACAACTCAGCAAGCCAAA	24	37.50	59.92
zaire-350_66_RIGHT	2	AGAAGTTCGTCAGACAAAGATACCA	25	40.00	60.37
zaire-350_67_LEFT	1	ACTGAGGGTATGTTATGGCTAAATGA	26	38.46	60.35
zaire-350_67_RIGHT	1	TGAGTGATAGAGACTAGTGGACCTC	25	48.00	60.78
zaire-350_68_LEFT	2	AAGTTATATCCGCCTTGGTTTTCC	24	41.67	59.68
zaire-350_68_RIGHT	2	TCTTCACAATTGCAATCTCTAATATGGT	28	32.14	60.03
zaire-350_69_LEFT	1	ACATAATGGGACATGGCAAGCT	22	45.45	60.54
zaire-350_69_RIGHT	1	GGGACTCCTTTCGTTATTTAAATAGTTGT	29	34.48	60.72
zaire-350_70_LEFT	2	TGAATTACCGTGCATAGTATCCTGA	25	40.00	60.08
zaire-350_70_RIGHT	2	CAACCAAAACACTATTCCATCTGACA	26	38.46	60.45
zaire-350_71_LEFT	1	TCTGCACTCTTTATAATTAAGCTTTAACGA	30	30.00	60.59
zaire-350_71_RIGHT	1	ATTAACACGAAGATTATTATCTAGTCTGCT	30	30.00	59.66
